airline,flight_number,route_code,callsign,route_leg,dpt_airport,arr_airport,alt_airport,days,dpt_time,	arr_time,level,distance,	flight_time,	flight_type,	load_factor,load_factor_variance,pilot_pay,route,notes,start_date,end_date,active,subfleets,fares,fields
AVA,05001,AV,,,LEPA,EIKN,,5,14:20,17:10,,981,170,J,,,,DCT,,,,1,A320,E-Base?price=326.38%;B-Base?price=326.39%;F-Base?price=326.39%,,
AVA,05002,AV,,,EIKN,LEPA,,5,18:10,20:45,,981,155,J,,,,DCT,,,,1,A320,E-Base?price=326.38%;B-Base?price=326.39%;F-Base?price=326.39%,,
AVA,05003,AV,,,LEPA,EIKN,,4,17:20,20:20,,981,180,J,,,,DCT,,,,1,B738,E-Base?price=326.38%;B-Base?price=326.39%;F-Base?price=326.39%,,
AVA,05004,AV,,,EIKN,LEPA,,4,21:10,23:55,,981,165,J,,,,DCT,,,,1,B738,E-Base?price=326.38%;B-Base?price=326.39%;F-Base?price=326.39%,,
AVA,05005,AV,,,LEPA,EINN,,6,08:25,11:25,,924,180,J,,,,DCT,,,,1,B738,E-Base?price=313.12%;B-Base?price=313.12%;F-Base?price=313.12%,,
AVA,05006,AV,,,EINN,LEPA,,6,12:15,15:00,,924,165,J,,,,DCT,,,,1,B738,E-Base?price=313.12%;B-Base?price=313.12%;F-Base?price=313.12%,,
AVA,05007,AV,,,EINN,LEPA,,5,18:25,21:00,,924,155,J,,,,DCT,,,,1,B738,E-Base?price=313.12%;B-Base?price=313.12%;F-Base?price=313.12%,,
AVA,05008,AV,,,LEPA,ENAL,,5,05:00,08:40,,1386,220,J,,,,DCT,,,,1,A320,E-Base?price=419.85%;B-Base?price=419.85%;F-Base?price=419.84%,,
AVA,05009,AV,,,ENAL,LEPA,,5,09:40,13:20,,1386,220,J,,,,DCT,,,,1,A320,E-Base?price=419.85%;B-Base?price=419.85%;F-Base?price=419.84%,,
AVA,05010,AV,,,ENGM,LEPA,,5,17:40,21:05,,1278,205,J,,,,DCT,,,,1,A333,E-Base?price=394.88%;B-Base?price=394.87%;F-Base?price=394.87%,,
AVA,05011,AV,,,ENGM,LEPA,,1234567,17:45,21:15,,1278,210,J,,,,DCT,,,,1,B738,E-Base?price=394.88%;B-Base?price=394.87%;F-Base?price=394.87%,,
AVA,05012,AV,,,LEPA,ENHD,,6,05:00,08:20,,1191,200,J,,,,DCT,,,,1,B738,E-Base?price=374.94%;B-Base?price=374.94%;F-Base?price=374.94%,,
AVA,05013,AV,,,ENHD,LEPA,,6,09:30,12:50,,1191,200,J,,,,DCT,,,,1,B738,E-Base?price=374.94%;B-Base?price=374.94%;F-Base?price=374.94%,,
AVA,05014,AV,,,LEPA,ENML,,5,05:15,09:00,,1401,225,J,,,,DCT,,,,1,B738,E-Base?price=423.35%;B-Base?price=423.36%;F-Base?price=423.36%,,
AVA,05015,AV,,,ENML,LEPA,,5,10:00,13:50,,1401,230,J,,,,DCT,,,,1,B738,E-Base?price=423.35%;B-Base?price=423.36%;F-Base?price=423.36%,,
AVA,05016,AV,,,LEPA,ENTO,,47,04:30,07:55,,1212,205,J,,,,DCT,,,,1,B738,E-Base?price=379.8%;B-Base?price=379.81%;F-Base?price=379.8%,,
AVA,05017,AV,,,ENTO,LEPA,,47,08:45,12:10,,1212,205,J,,,,DCT,,,,1,B738,E-Base?price=379.8%;B-Base?price=379.81%;F-Base?price=379.8%,,
AVA,05018,AV,,,LEPA,ENTO,,7,05:10,08:30,,1212,200,J,,,,DCT,,,,1,B738,E-Base?price=379.8%;B-Base?price=379.81%;F-Base?price=379.8%,,
AVA,05019,AV,,,ENTO,LEPA,,7,09:30,12:55,,1212,205,J,,,,DCT,,,,1,B738,E-Base?price=379.8%;B-Base?price=379.81%;F-Base?price=379.8%,,
AVA,05020,AV,,,LEPA,ENVA,,6,12:35,16:35,,1464,240,J,,,,DCT,,,,1,A320,E-Base?price=437.83%;B-Base?price=437.83%;F-Base?price=437.83%,,
AVA,05021,AV,,,ENVA,LEPA,,6,17:35,21:30,,1464,235,J,,,,DCT,,,,1,A320,E-Base?price=437.83%;B-Base?price=437.83%;F-Base?price=437.83%,,
AVA,05022,AV,,,LEPA,ENZV,,6,15:50,19:00,,1165,190,J,,,,DCT,,,,1,B738,E-Base?price=368.82%;B-Base?price=368.82%;F-Base?price=368.82%,,
AVA,05023,AV,,,ENZV,LEPA,,6,20:00,23:10,,1165,190,J,,,,DCT,,,,1,B738,E-Base?price=368.82%;B-Base?price=368.82%;F-Base?price=368.82%,,
AVA,05024,AV,,,EIDW,LEVC,,37,18:35,21:25,,869,170,J,,,,DCT,,,,1,B738,E-Base?price=300.48%;B-Base?price=300.48%;F-Base?price=300.48%,,
AVA,05025,AV,,,LFLL,EGPH,,6,15:10,17:20,,691,130,J,,,,DCT,,,,1,A319,E-Base?price=259.46%;B-Base?price=259.46%;F-Base?price=259.46%,,
AVA,05026,AV,,,EGPH,LFLL,,6,17:55,20:05,,691,130,J,,,,DCT,,,,1,A319,E-Base?price=259.46%;B-Base?price=259.46%;F-Base?price=259.46%,,
AVA,05027,AV,,,LFML,EGPH,,15,07:25,09:55,,820,150,J,,,,DCT,,,,1,B738,E-Base?price=289.23%;B-Base?price=289.23%;F-Base?price=289.23%,,
AVA,05028,AV,,,EGPH,LFML,,15,10:20,12:55,,820,155,J,,,,DCT,,,,1,B738,E-Base?price=289.23%;B-Base?price=289.23%;F-Base?price=289.23%,,
AVA,05029,AV,,,LFPG,EGPH,,1234567,05:10,07:00,,469,110,J,,,,DCT,,,,1,A318,E-Base?price=208.17%;B-Base?price=208.16%;F-Base?price=208.17%,,
AVA,05030,AV,,,EGPH,LFPG,,1234567,15:25,17:15,,469,110,J,,,,DCT,,,,1,E190,E-Base?price=208.17%;B-Base?price=208.16%;F-Base?price=208.17%,,
AVA,05031,AV,,,LFPG,EICK,,1234567,12:55,14:50,,454,115,J,,,,DCT,,,,1,E170,E-Base?price=204.83%;B-Base?price=204.84%;F-Base?price=204.83%,,
AVA,05032,AV,,,EICK,LFPG,,1234567,15:30,17:20,,454,110,J,,,,DCT,,,,1,E170,E-Base?price=204.83%;B-Base?price=204.84%;F-Base?price=204.83%,,
AVA,05033,AV,,,EIDW,LFPG,,123567,13:10,14:55,,424,105,J,,,,DCT,,,,1,A318,E-Base?price=197.74%;B-Base?price=197.74%;F-Base?price=197.74%,,
AVA,05034,AV,,,LFPG,EIDW,,123567,10:35,12:20,,424,105,J,,,,DCT,,,,1,A318,E-Base?price=197.74%;B-Base?price=197.74%;F-Base?price=197.74%,,
AVA,05035,AV,,,EIDW,LFPG,,1234567,15:30,17:25,,424,115,J,,,,DCT,,,,1,B462,E-Base?price=197.74%;B-Base?price=197.74%;F-Base?price=197.74%,,
AVA,05036,AV,,,LFPG,EINN,,1245,02:45,05:20,,487,155,J,,,,DCT,,,,1,AT43,E-Base?price=212.37%;B-Base?price=212.37%;F-Base?price=212.37%,,
AVA,05037,AV,,,EINN,LFPG,,1234,20:40,22:45,,487,125,J,,,,DCT,,,,1,AT72,E-Base?price=212.37%;B-Base?price=212.37%;F-Base?price=212.37%,,
AVA,05038,AV,,,LFPG,ENBR,,46,12:40,14:55,,683,135,J,,,,DCT,,,,1,A318,E-Base?price=257.62%;B-Base?price=257.61%;F-Base?price=257.61%,,
AVA,05039,AV,,,ENBR,LFPG,,46,15:40,18:00,,683,140,J,,,,DCT,,,,1,A318,E-Base?price=257.62%;B-Base?price=257.61%;F-Base?price=257.61%,,
AVA,05040,AV,,,LFPG,ENGM,,5,03:55,07:25,,732,210,J,,,,DCT,,,,1,AT43,E-Base?price=269%;B-Base?price=268.99%;F-Base?price=268.99%,,
AVA,05041,AV,,,ENGM,LFPG,,4,18:45,22:10,,732,205,J,,,,DCT,,,,1,AT43,E-Base?price=269%;B-Base?price=268.99%;F-Base?price=268.99%,,
AVA,05042,AV,,,ENGM,LFPG,,1357,14:50,17:20,,732,150,J,,,,DCT,,,,1,A320,E-Base?price=269%;B-Base?price=268.99%;F-Base?price=268.99%,,
AVA,05043,AV,,,LFPG,ENTC,,3,03:30,07:00,,1327,210,J,,,,DCT,,,,1,B738,E-Base?price=406.26%;B-Base?price=406.27%;F-Base?price=406.26%,,
AVA,05044,AV,,,ENTC,LFPG,,3,16:50,20:30,,1327,220,J,,,,DCT,,,,1,B738,E-Base?price=406.26%;B-Base?price=406.27%;F-Base?price=406.26%,,
AVA,05045,AV,,,LFPO,EGPH,,03,04:05,06:00,,481,115,J,,,,DCT,,,,1,B738,E-Base?price=211.08%;B-Base?price=211.07%;F-Base?price=211.07%,,
AVA,05046,AV,,,EGPH,LFPO,,15,12:10,14:10,,481,120,J,,,,DCT,,,,1,B738,E-Base?price=211.08%;B-Base?price=211.07%;F-Base?price=211.07%,,
AVA,05047,AV,,,LFPO,EIDW,,136,04:30,06:25,,430,115,J,,,,DCT,,,,1,B738,E-Base?price=199.2%;B-Base?price=199.19%;F-Base?price=199.19%,,
AVA,05048,AV,,,EIDW,LFPO,,57,18:50,20:45,,430,115,J,,,,DCT,,,,1,B738,E-Base?price=199.2%;B-Base?price=199.19%;F-Base?price=199.19%,,
AVA,05049,AV,,,LFSB,BIKF,,14,04:00,08:00,,1390,240,J,,,,DCT,,,,1,A320,E-Base?price=420.77%;B-Base?price=420.77%;F-Base?price=420.78%,,
AVA,05050,AV,,,BIKF,LFSB,,14,08:40,12:30,,1390,230,J,,,,DCT,,,,1,A320,E-Base?price=420.77%;B-Base?price=420.77%;F-Base?price=420.78%,,
AVA,05051,AV,,,LFSB,EGPH,,123456,04:00,06:10,,643,130,J,,,,DCT,,,,1,A320,E-Base?price=248.38%;B-Base?price=248.38%;F-Base?price=248.39%,,
AVA,05052,AV,,,EGPH,LFSB,,123456,06:35,08:40,,643,125,J,,,,DCT,,,,1,A319,E-Base?price=248.38%;B-Base?price=248.38%;F-Base?price=248.39%,,
AVA,05053,AV,,,LFSB,EGPH,,05,07:55,10:05,,643,130,J,,,,DCT,,,,1,A320,E-Base?price=248.38%;B-Base?price=248.38%;F-Base?price=248.39%,,
AVA,05054,AV,,,EGPH,LFSB,,05,10:30,12:35,,643,125,J,,,,DCT,,,,1,A320,E-Base?price=248.38%;B-Base?price=248.38%;F-Base?price=248.39%,,
AVA,05055,AV,,,LGAV,EIDW,,2356,05:15,09:30,,1552,255,J,,,,DCT,,,,1,A320,E-Base?price=458.08%;B-Base?price=458.07%;F-Base?price=458.07%,,
AVA,05056,AV,,,EIDW,LGAV,,2356,10:20,14:05,,1552,225,J,,,,DCT,,,,1,A320,E-Base?price=458.08%;B-Base?price=458.07%;F-Base?price=458.07%,,
AVA,05057,AV,,,LGKR,EGPF,,5,09:35,13:20,,1371,225,J,,,,DCT,,,,1,B738,E-Base?price=416.4%;B-Base?price=416.39%;F-Base?price=416.39%,,
AVA,05058,AV,,,EGPF,LGKR,,5,14:25,18:00,,1371,215,J,,,,DCT,,,,1,B738,E-Base?price=416.4%;B-Base?price=416.39%;F-Base?price=416.39%,,
AVA,05059,AV,,,LGKR,EGPH,,6,03:25,07:10,,1345,225,J,,,,DCT,,,,1,B738,E-Base?price=410.37%;B-Base?price=410.37%;F-Base?price=410.38%,,
AVA,05060,AV,,,EGPH,LGKR,,6,07:35,11:15,,1345,220,J,,,,DCT,,,,1,B738,E-Base?price=410.37%;B-Base?price=410.37%;F-Base?price=410.38%,,
AVA,05061,AV,,,LGRP,ENCN,,7,03:25,07:25,,1527,240,J,,,,DCT,,,,1,A320,E-Base?price=452.45%;B-Base?price=452.45%;F-Base?price=452.45%,,
AVA,05062,AV,,,ENCN,LGRP,,7,08:15,12:15,,1527,240,J,,,,DCT,,,,1,A320,E-Base?price=452.45%;B-Base?price=452.45%;F-Base?price=452.45%,,
AVA,05063,AV,,,LGRP,ENGM,,5,10:00,14:20,,1569,260,J,,,,DCT,,,,1,B763,E-Base?price=462.17%;B-Base?price=462.16%;F-Base?price=462.16%,,
AVA,05064,AV,,,ENGM,LGRP,,5,15:50,20:15,,1569,265,J,,,,DCT,,,,1,B763,E-Base?price=462.17%;B-Base?price=462.16%;F-Base?price=462.16%,,
AVA,05065,AV,,,LGRP,ENGM,,6,12:30,16:45,,1569,255,J,,,,DCT,,,,1,A320,E-Base?price=462.17%;B-Base?price=462.16%;F-Base?price=462.16%,,
AVA,05066,AV,,,ENGM,LGRP,,6,17:45,22:00,,1569,255,J,,,,DCT,,,,1,A320,E-Base?price=462.17%;B-Base?price=462.16%;F-Base?price=462.16%,,
AVA,05067,AV,,,LGRP,ENML,,3,02:30,07:00,,1758,270,J,,,,DCT,,,,1,A320,E-Base?price=505.62%;B-Base?price=505.62%;F-Base?price=505.62%,,
AVA,05068,AV,,,ENML,LGRP,,3,07:50,12:15,,1758,265,J,,,,DCT,,,,1,A320,E-Base?price=505.62%;B-Base?price=505.62%;F-Base?price=505.62%,,
AVA,05069,AV,,,LGRP,ENTO,,7,09:40,13:45,,1533,245,J,,,,DCT,,,,1,A321,E-Base?price=453.78%;B-Base?price=453.78%;F-Base?price=453.78%,,
AVA,05070,AV,,,ENTO,LGRP,,7,15:15,19:10,,1533,235,J,,,,DCT,,,,1,A321,E-Base?price=453.78%;B-Base?price=453.78%;F-Base?price=453.78%,,
AVA,05071,AV,,,LGRP,ENVA,,7,09:55,14:30,,1740,275,J,,,,DCT,,,,1,A321,E-Base?price=501.58%;B-Base?price=501.59%;F-Base?price=501.59%,,
AVA,05072,AV,,,ENVA,LGRP,,7,15:50,20:10,,1740,260,J,,,,DCT,,,,1,A321,E-Base?price=501.58%;B-Base?price=501.59%;F-Base?price=501.59%,,
AVA,05073,AV,,,LGSA,ENCN,,6,08:55,12:55,,1503,240,J,,,,DCT,,,,1,B737,E-Base?price=446.75%;B-Base?price=446.75%;F-Base?price=446.76%,,
AVA,05074,AV,,,ENCN,LGSA,,6,14:15,18:10,,1503,235,J,,,,DCT,,,,1,B737,E-Base?price=446.75%;B-Base?price=446.75%;F-Base?price=446.76%,,
AVA,05075,AV,,,LGSA,ENGM,,4,11:45,16:00,,1564,255,J,,,,DCT,,,,1,B763,E-Base?price=460.82%;B-Base?price=460.81%;F-Base?price=460.81%,,
AVA,05076,AV,,,ENGM,LGSA,,4,18:00,22:15,,1564,255,J,,,,DCT,,,,1,B763,E-Base?price=460.82%;B-Base?price=460.81%;F-Base?price=460.81%,,
AVA,05077,AV,,,LGSA,ENGM,,4,12:30,16:35,,1564,245,J,,,,DCT,,,,1,A320,E-Base?price=460.82%;B-Base?price=460.81%;F-Base?price=460.81%,,
AVA,05078,AV,,,ENGM,LGSA,,4,17:35,21:40,,1564,245,J,,,,DCT,,,,1,A320,E-Base?price=460.82%;B-Base?price=460.81%;F-Base?price=460.81%,,
AVA,05079,AV,,,LGSA,ENKB,,5,13:25,17:55,,1762,270,J,,,,DCT,,,,1,A320,E-Base?price=506.55%;B-Base?price=506.55%;F-Base?price=506.56%,,
AVA,05080,AV,,,ENKB,LGSA,,5,18:45,23:15,,1762,270,J,,,,DCT,,,,1,A320,E-Base?price=506.55%;B-Base?price=506.55%;F-Base?price=506.56%,,
AVA,05081,AV,,,LGSA,ENTO,,5,09:40,13:50,,1520,250,J,,,,DCT,,,,1,A21N,E-Base?price=450.85%;B-Base?price=450.84%;F-Base?price=450.84%,,
AVA,05082,AV,,,ENTO,LGSA,,5,15:30,19:30,,1520,240,J,,,,DCT,,,,1,A21N,E-Base?price=450.85%;B-Base?price=450.84%;F-Base?price=450.84%,,
AVA,05083,AV,,,LGSA,ENTO,,4,10:35,14:35,,1520,240,J,,,,DCT,,,,1,A321,E-Base?price=450.85%;B-Base?price=450.84%;F-Base?price=450.84%,,
AVA,05084,AV,,,ENTO,LGSA,,4,15:55,19:40,,1520,225,J,,,,DCT,,,,1,A321,E-Base?price=450.85%;B-Base?price=450.84%;F-Base?price=450.84%,,
AVA,05085,AV,,,LHBP,BIKF,,246,05:05,09:45,,1681,280,J,,,,DCT,,,,1,A321,E-Base?price=487.83%;B-Base?price=487.83%;F-Base?price=487.83%,,
AVA,05086,AV,,,BIKF,LHBP,,246,10:30,14:55,,1681,265,J,,,,DCT,,,,1,A321,E-Base?price=487.83%;B-Base?price=487.83%;F-Base?price=487.83%,,
AVA,05087,AV,,,LHBP,EGPF,,15,04:10,07:20,,1009,190,J,,,,DCT,,,,1,A320,E-Base?price=332.91%;B-Base?price=332.91%;F-Base?price=332.91%,,
AVA,05088,AV,,,EGPF,LHBP,,15,07:50,10:45,,1009,175,J,,,,DCT,,,,1,A320,E-Base?price=332.91%;B-Base?price=332.91%;F-Base?price=332.91%,,
AVA,05089,AV,,,LHBP,ENGM,,1357,04:10,06:45,,817,155,J,,,,DCT,,,,1,A321,E-Base?price=288.46%;B-Base?price=288.46%;F-Base?price=288.46%,,
AVA,05090,AV,,,ENGM,LHBP,,1357,07:20,09:50,,817,150,J,,,,DCT,,,,1,A321,E-Base?price=288.46%;B-Base?price=288.46%;F-Base?price=288.46%,,
AVA,05091,AV,,,LHBP,ENZV,,26,09:05,11:40,,840,155,J,,,,DCT,,,,1,A321,E-Base?price=293.82%;B-Base?price=293.81%;F-Base?price=293.81%,,
AVA,05092,AV,,,ENZV,LHBP,,26,12:15,14:45,,840,150,J,,,,DCT,,,,1,A321,E-Base?price=293.82%;B-Base?price=293.81%;F-Base?price=293.81%,,
AVA,05093,AV,,,LIMC,EGPH,,123567,04:30,07:00,,768,150,J,,,,DCT,,,,1,A319,E-Base?price=277.28%;B-Base?price=277.28%;F-Base?price=277.28%,,
AVA,05094,AV,,,EGPH,LIMC,,012345,19:15,21:50,,768,155,J,,,,DCT,,,,1,A320,E-Base?price=277.28%;B-Base?price=277.28%;F-Base?price=277.28%,,
AVA,05095,AV,,,LIMC,ENBO,,7,14:15,17:55,,1311,220,J,,,,DCT,,,,1,B738,E-Base?price=402.45%;B-Base?price=402.45%;F-Base?price=402.45%,,
AVA,05096,AV,,,ENBO,LIMC,,7,18:45,22:20,,1311,215,J,,,,DCT,,,,1,B738,E-Base?price=402.45%;B-Base?price=402.45%;F-Base?price=402.45%,,
AVA,05097,AV,,,EIDW,LIME,,1234567,17:00,19:30,,773,150,J,,,,DCT,,,,1,B738,E-Base?price=278.49%;B-Base?price=278.5%;F-Base?price=278.5%,,
AVA,05098,AV,,,LIME,EIKN,,15,04:55,07:35,,867,160,J,,,,DCT,,,,1,B738,E-Base?price=300.08%;B-Base?price=300.07%;F-Base?price=300.07%,,
AVA,05099,AV,,,EIKN,LIME,,15,08:05,10:25,,867,140,J,,,,DCT,,,,1,B738,E-Base?price=300.08%;B-Base?price=300.07%;F-Base?price=300.07%,,
AVA,05100,AV,,,LIME,ENTO,,024,05:05,07:35,,811,150,J,,,,DCT,,,,1,B738,E-Base?price=287.15%;B-Base?price=287.15%;F-Base?price=287.15%,,
AVA,05101,AV,,,ENTO,LIME,,024,08:00,10:25,,811,145,J,,,,DCT,,,,1,B738,E-Base?price=287.15%;B-Base?price=287.15%;F-Base?price=287.15%,,
AVA,05102,AV,,,EIDW,LIPE,,246,14:45,17:30,,869,165,J,,,,DCT,,,,1,B738,E-Base?price=300.57%;B-Base?price=300.57%;F-Base?price=300.58%,,
AVA,05103,AV,,,LIPX,EGPF,,3,10:20,13:00,,854,160,J,,,,DCT,,,,1,B738,E-Base?price=296.98%;B-Base?price=296.98%;F-Base?price=296.99%,,
AVA,05104,AV,,,EGPF,LIPX,,3,14:15,16:45,,854,150,J,,,,DCT,,,,1,B738,E-Base?price=296.98%;B-Base?price=296.98%;F-Base?price=296.99%,,
AVA,05105,AV,,,LIPX,EICK,,6,08:40,11:30,,857,170,J,,,,DCT,,,,1,A319,E-Base?price=297.72%;B-Base?price=297.73%;F-Base?price=297.73%,,
AVA,05106,AV,,,EICK,LIPX,,6,11:55,14:30,,857,155,J,,,,DCT,,,,1,A319,E-Base?price=297.72%;B-Base?price=297.73%;F-Base?price=297.73%,,
AVA,05107,AV,,,LIPZ,EGPH,,0135,10:40,13:30,,861,170,J,,,,DCT,,,,1,A320,E-Base?price=298.8%;B-Base?price=298.81%;F-Base?price=298.8%,,
AVA,05108,AV,,,EGPH,LIPZ,,0135,14:00,16:35,,861,155,J,,,,DCT,,,,1,A320,E-Base?price=298.8%;B-Base?price=298.81%;F-Base?price=298.8%,,
AVA,05109,AV,,,LIRF,EGPH,,3,08:30,11:50,,1044,200,J,,,,DCT,,,,1,B733,E-Base?price=341.02%;B-Base?price=341.01%;F-Base?price=341.01%,,
AVA,05110,AV,,,EGPH,LIRF,,3,12:40,15:45,,1044,185,J,,,,DCT,,,,1,B733,E-Base?price=341.02%;B-Base?price=341.01%;F-Base?price=341.01%,,
AVA,05111,AV,,,ENGM,LIRF,,1234567,16:00,19:10,,1105,190,J,,,,DCT,,,,1,B738,E-Base?price=354.95%;B-Base?price=354.95%;F-Base?price=354.95%,,
AVA,05112,AV,,,LIRN,EIDW,,01356,07:35,11:00,,1119,205,J,,,,DCT,,,,1,B738,E-Base?price=358.29%;B-Base?price=358.29%;F-Base?price=358.29%,,
AVA,05113,AV,,,EIDW,LIRN,,01356,11:45,15:00,,1119,195,J,,,,DCT,,,,1,B738,E-Base?price=358.29%;B-Base?price=358.29%;F-Base?price=358.29%,,
AVA,05114,AV,,,LIRP,EGPK,,37,04:30,07:15,,914,165,J,,,,DCT,,,,1,B738,E-Base?price=310.92%;B-Base?price=310.92%;F-Base?price=310.93%,,
AVA,05115,AV,,,EGPK,LIRP,,37,07:40,10:20,,914,160,J,,,,DCT,,,,1,B738,E-Base?price=310.92%;B-Base?price=310.92%;F-Base?price=310.93%,,
AVA,05116,AV,,,LIRP,EIDW,,0246,05:30,08:20,,879,170,J,,,,DCT,,,,1,B738,E-Base?price=302.82%;B-Base?price=302.81%;F-Base?price=302.81%,,
AVA,05117,AV,,,EIDW,LIRP,,0246,08:45,11:30,,879,165,J,,,,DCT,,,,1,B738,E-Base?price=302.82%;B-Base?price=302.81%;F-Base?price=302.81%,,
AVA,05118,AV,,,LKPR,EIDW,,0123456,13:00,15:30,,785,150,J,,,,DCT,,,,1,B738,E-Base?price=281.14%;B-Base?price=281.14%;F-Base?price=281.14%,,
AVA,05119,AV,,,EIDW,LKPR,,0123456,15:55,18:25,,785,150,J,,,,DCT,,,,1,B738,E-Base?price=281.14%;B-Base?price=281.14%;F-Base?price=281.14%,,
AVA,05120,AV,,,LLBG,ENGM,,33,12:20,17:35,,1935,315,J,,,,DCT,,,,1,B763,E-Base?price=546.62%;B-Base?price=546.62%;F-Base?price=546.62%,,
AVA,05121,AV,,,ENGM,LLBG,,33,19:05,23:50,,1935,285,J,,,,DCT,,,,1,B763,E-Base?price=546.62%;B-Base?price=546.62%;F-Base?price=546.62%,,
AVA,05122,AV,,,LMML,EGPD,,37,13:10,17:10,,1445,240,J,,,,DCT,,,,1,B738,E-Base?price=433.46%;B-Base?price=433.46%;F-Base?price=433.46%,,
AVA,05123,AV,,,EGPD,LMML,,37,17:45,21:35,,1445,230,J,,,,DCT,,,,1,B738,E-Base?price=433.46%;B-Base?price=433.46%;F-Base?price=433.46%,,
AVA,05124,AV,,,LOWS,EGPH,,6,09:50,12:20,,776,150,J,,,,DCT,,,,1,B733,E-Base?price=279.11%;B-Base?price=279.1%;F-Base?price=279.1%,,
AVA,05125,AV,,,EGPH,LOWS,,6,13:05,15:35,,776,150,J,,,,DCT,,,,1,B733,E-Base?price=279.11%;B-Base?price=279.1%;F-Base?price=279.1%,,
AVA,05126,AV,,,BIKF,LOWW,,2,14:35,18:45,,1581,250,J,,,,DCT,,,,1,A320,E-Base?price=464.75%;B-Base?price=464.75%;F-Base?price=464.75%,,
AVA,05127,AV,,,LOWW,BIKF,,246,10:25,14:55,,1581,270,J,,,,DCT,,,,1,A321,E-Base?price=464.75%;B-Base?price=464.75%;F-Base?price=464.75%,,
AVA,05128,AV,,,BIKF,LOWW,,246,15:40,19:55,,1581,255,J,,,,DCT,,,,1,A321,E-Base?price=464.75%;B-Base?price=464.75%;F-Base?price=464.75%,,
AVA,05129,AV,,,LOWW,ENBO,,6,15:10,18:20,,1151,190,J,,,,DCT,,,,1,A319,E-Base?price=365.55%;B-Base?price=365.56%;F-Base?price=365.56%,,
AVA,05130,AV,,,ENBO,LOWW,,6,19:20,22:30,,1151,190,J,,,,DCT,,,,1,A319,E-Base?price=365.55%;B-Base?price=365.56%;F-Base?price=365.56%,,
AVA,05131,AV,,,LOWW,ENBR,,15,14:10,16:50,,829,160,J,,,,DCT,,,,1,A321,E-Base?price=291.31%;B-Base?price=291.3%;F-Base?price=291.3%,,
AVA,05132,AV,,,ENBR,LOWW,,15,17:25,20:00,,829,155,J,,,,DCT,,,,1,A321,E-Base?price=291.31%;B-Base?price=291.3%;F-Base?price=291.3%,,
AVA,05133,AV,,,LOWW,ENTC,,6,06:55,10:30,,1295,215,J,,,,DCT,,,,1,A320,E-Base?price=398.95%;B-Base?price=398.95%;F-Base?price=398.95%,,
AVA,05134,AV,,,ENTC,LOWW,,6,11:15,14:55,,1295,220,J,,,,DCT,,,,1,A320,E-Base?price=398.95%;B-Base?price=398.95%;F-Base?price=398.95%,,
AVA,05135,AV,,,LPFR,EGPD,,26,07:00,10:30,,1233,210,J,,,,DCT,,,,1,B738,E-Base?price=384.51%;B-Base?price=384.5%;F-Base?price=384.5%,,
AVA,05136,AV,,,EGPD,LPFR,,26,10:55,14:25,,1233,210,J,,,,DCT,,,,1,B738,E-Base?price=384.51%;B-Base?price=384.5%;F-Base?price=384.5%,,
AVA,05137,AV,,,EICK,LPFR,,246,19:00,21:30,,890,150,J,,,,DCT,,,,1,A320,E-Base?price=305.35%;B-Base?price=305.35%;F-Base?price=305.35%,,
AVA,05138,AV,,,LPFR,EICK,,2467,13:05,15:45,,890,160,J,,,,DCT,,,,1,B738,E-Base?price=305.35%;B-Base?price=305.35%;F-Base?price=305.35%,,
AVA,05139,AV,,,EICK,LPFR,,2467,16:10,18:50,,890,160,J,,,,DCT,,,,1,B738,E-Base?price=305.35%;B-Base?price=305.35%;F-Base?price=305.35%,,
AVA,05140,AV,,,LPFR,EIDW,,123457,07:30,10:25,,987,175,J,,,,DCT,,,,1,B738,E-Base?price=327.75%;B-Base?price=327.75%;F-Base?price=327.75%,,
AVA,05141,AV,,,EIDW,LPFR,,1234567,15:40,18:35,,987,175,J,,,,DCT,,,,1,B738,E-Base?price=327.75%;B-Base?price=327.75%;F-Base?price=327.75%,,
AVA,05142,AV,,,LPFR,EIDW,,6,10:15,13:10,,987,175,J,,,,DCT,,,,1,B738,E-Base?price=327.75%;B-Base?price=327.75%;F-Base?price=327.75%,,
AVA,05143,AV,,,EIDW,LPFR,,6,14:10,17:00,,987,170,J,,,,DCT,,,,1,B738,E-Base?price=327.75%;B-Base?price=327.75%;F-Base?price=327.75%,,
AVA,05144,AV,,,EIDW,LPFR,,7,16:20,19:15,,987,175,J,,,,DCT,,,,1,B738,E-Base?price=327.75%;B-Base?price=327.75%;F-Base?price=327.75%,,
AVA,05145,AV,,,LPFR,EIKN,,246,06:05,09:05,,1014,180,J,,,,DCT,,,,1,B738,E-Base?price=334.08%;B-Base?price=334.08%;F-Base?price=334.08%,,
AVA,05146,AV,,,EIKN,LPFR,,246,09:30,12:30,,1014,180,J,,,,DCT,,,,1,B738,E-Base?price=334.08%;B-Base?price=334.08%;F-Base?price=334.08%,,
AVA,05147,AV,,,LPFR,EIKY,,26,08:45,11:30,,912,165,J,,,,DCT,,,,1,B738,E-Base?price=310.54%;B-Base?price=310.54%;F-Base?price=310.54%,,
AVA,05148,AV,,,EIKY,LPFR,,26,12:05,14:50,,912,165,J,,,,DCT,,,,1,B738,E-Base?price=310.54%;B-Base?price=310.54%;F-Base?price=310.54%,,
AVA,05149,AV,,,LPFR,EINN,,1357,15:25,18:10,,942,165,J,,,,DCT,,,,1,A320,E-Base?price=317.4%;B-Base?price=317.41%;F-Base?price=317.4%,,
AVA,05150,AV,,,EINN,LPFR,,1357,18:50,21:30,,942,160,J,,,,DCT,,,,1,A320,E-Base?price=317.4%;B-Base?price=317.41%;F-Base?price=317.4%,,
AVA,05151,AV,,,LPPR,EIDW,,13457,10:20,12:40,,737,140,J,,,,DCT,,,,1,B738,E-Base?price=270.03%;B-Base?price=270.03%;F-Base?price=270.03%,,
AVA,05152,AV,,,EIDW,LPPR,,13457,13:05,15:30,,737,145,J,,,,DCT,,,,1,B738,E-Base?price=270.03%;B-Base?price=270.03%;F-Base?price=270.03%,,
AVA,05153,AV,,,LPPT,EIDW,,1234567,06:05,08:50,,886,165,J,,,,DCT,,,,1,A320,E-Base?price=304.52%;B-Base?price=304.52%;F-Base?price=304.52%,,
AVA,05154,AV,,,EIDW,LPPT,,0123456,16:30,19:10,,886,160,J,,,,DCT,,,,1,A320,E-Base?price=304.52%;B-Base?price=304.52%;F-Base?price=304.52%,,
AVA,05155,AV,,,LPPT,ENGM,,246,06:00,10:00,,1494,240,J,,,,DCT,,,,1,A321,E-Base?price=444.72%;B-Base?price=444.73%;F-Base?price=444.73%,,
AVA,05156,AV,,,ENGM,LPPT,,246,10:45,14:50,,1494,245,J,,,,DCT,,,,1,A321,E-Base?price=444.72%;B-Base?price=444.73%;F-Base?price=444.73%,,
AVA,05157,AV,,,LPPT,ENGM,,1357,12:30,16:30,,1494,240,J,,,,DCT,,,,1,A319,E-Base?price=444.72%;B-Base?price=444.73%;F-Base?price=444.73%,,
AVA,05158,AV,,,ENGM,LPPT,,1357,17:15,21:20,,1494,245,J,,,,DCT,,,,1,A319,E-Base?price=444.72%;B-Base?price=444.73%;F-Base?price=444.73%,,
AVA,05159,AV,,,LRCL,EIDW,,1357,07:00,10:45,,1209,225,J,,,,DCT,,,,1,B738,E-Base?price=379%;B-Base?price=379.01%;F-Base?price=379.01%,,
AVA,05160,AV,,,EIDW,LRCL,,1357,11:30,14:40,,1209,190,J,,,,DCT,,,,1,B738,E-Base?price=379%;B-Base?price=379.01%;F-Base?price=379.01%,,
AVA,05161,AV,,,LROP,EGPF,,247,04:00,08:00,,1338,240,J,,,,DCT,,,,1,B738,E-Base?price=408.8%;B-Base?price=408.81%;F-Base?price=408.8%,,
AVA,05162,AV,,,EGPF,LROP,,247,08:45,12:20,,1338,215,J,,,,DCT,,,,1,B738,E-Base?price=408.8%;B-Base?price=408.81%;F-Base?price=408.8%,,
AVA,05163,AV,,,LROP,EIDW,,1246,04:15,08:15,,1366,240,J,,,,DCT,,,,1,B738,E-Base?price=415.15%;B-Base?price=415.15%;F-Base?price=415.15%,,
AVA,05164,AV,,,EIDW,LROP,,1246,09:00,12:40,,1366,220,J,,,,DCT,,,,1,B738,E-Base?price=415.15%;B-Base?price=415.15%;F-Base?price=415.15%,,
AVA,05165,AV,,,LROP,ENGM,,024,04:50,08:05,,1081,195,J,,,,DCT,,,,1,B734,E-Base?price=349.38%;B-Base?price=349.39%;F-Base?price=349.39%,,
AVA,05166,AV,,,ENGM,LROP,,024,08:50,12:00,,1081,190,J,,,,DCT,,,,1,B734,E-Base?price=349.38%;B-Base?price=349.39%;F-Base?price=349.39%,,
AVA,05167,AV,,,LROP,ENTO,,15,03:20,06:25,,1049,185,J,,,,DCT,,,,1,A320,E-Base?price=342.12%;B-Base?price=342.12%;F-Base?price=342.13%,,
AVA,05168,AV,,,ENTO,LROP,,15,06:55,09:55,,1049,180,J,,,,DCT,,,,1,A320,E-Base?price=342.12%;B-Base?price=342.12%;F-Base?price=342.13%,,
AVA,05169,AV,,,LSGG,BIKF,,26,04:30,08:35,,1427,245,J,,,,DCT,,,,1,A320,E-Base?price=429.25%;B-Base?price=429.25%;F-Base?price=429.25%,,
AVA,05170,AV,,,BIKF,LSGG,,26,09:15,13:05,,1427,230,J,,,,DCT,,,,1,A320,E-Base?price=429.25%;B-Base?price=429.25%;F-Base?price=429.25%,,
AVA,05171,AV,,,LSGG,EIDW,,13457,05:00,07:15,,643,135,J,,,,DCT,,,,1,BCS3,E-Base?price=248.34%;B-Base?price=248.34%;F-Base?price=248.34%,,
AVA,05172,AV,,,EIDW,LSGG,,13457,07:55,10:05,,643,130,J,,,,DCT,,,,1,BCS3,E-Base?price=248.34%;B-Base?price=248.34%;F-Base?price=248.34%,,
AVA,05173,AV,,,LSZH,EGPE,,2,09:55,12:30,,758,155,J,,,,DCT,,,,1,A320,E-Base?price=274.94%;B-Base?price=274.94%;F-Base?price=274.94%,,
AVA,05174,AV,,,EGPE,LSZH,,2,13:20,15:50,,758,150,J,,,,DCT,,,,1,A320,E-Base?price=274.94%;B-Base?price=274.94%;F-Base?price=274.94%,,
AVA,05175,AV,,,LSZH,EGPH,,6,05:40,07:55,,674,135,J,,,,DCT,,,,1,E170,E-Base?price=255.54%;B-Base?price=255.54%;F-Base?price=255.54%,,
AVA,05176,AV,,,EGPH,LSZH,,7,13:20,15:40,,674,140,J,,,,DCT,,,,1,E170,E-Base?price=255.54%;B-Base?price=255.54%;F-Base?price=255.54%,,
AVA,05177,AV,,,LSZH,EGPH,,0135,09:30,11:45,,674,135,J,,,,DCT,,,,1,A320,E-Base?price=255.54%;B-Base?price=255.54%;F-Base?price=255.54%,,
AVA,05178,AV,,,EGPH,LSZH,,0135,12:45,15:00,,674,135,J,,,,DCT,,,,1,A320,E-Base?price=255.54%;B-Base?price=255.54%;F-Base?price=255.54%,,
AVA,05179,AV,,,LSZH,EICK,,135,09:25,11:50,,711,145,J,,,,DCT,,,,1,BCS1,E-Base?price=264.02%;B-Base?price=264.02%;F-Base?price=264.02%,,
AVA,05180,AV,,,EICK,LSZH,,135,12:35,14:50,,711,135,J,,,,DCT,,,,1,BCS1,E-Base?price=264.02%;B-Base?price=264.02%;F-Base?price=264.02%,,
AVA,05181,AV,,,LSZH,EIDW,,14567,05:00,07:10,,668,130,J,,,,DCT,,,,1,A320,E-Base?price=254.25%;B-Base?price=254.25%;F-Base?price=254.25%,,
AVA,05182,AV,,,EIDW,LSZH,,14567,07:55,10:00,,668,125,J,,,,DCT,,,,1,A320,E-Base?price=254.25%;B-Base?price=254.25%;F-Base?price=254.25%,,
AVA,05183,AV,,,LSZH,EIDW,,1234567,07:10,09:30,,668,140,J,,,,DCT,,,,1,A321,E-Base?price=254.25%;B-Base?price=254.25%;F-Base?price=254.25%,,
AVA,05184,AV,,,EIDW,LSZH,,1234567,10:15,12:25,,668,130,J,,,,DCT,,,,1,A321,E-Base?price=254.25%;B-Base?price=254.25%;F-Base?price=254.25%,,
AVA,05185,AV,,,LSZH,ENBR,,36,14:15,16:35,,779,140,J,,,,DCT,,,,1,BCS1,E-Base?price=279.82%;B-Base?price=279.81%;F-Base?price=279.81%,,
AVA,05186,AV,,,ENBR,LSZH,,36,17:15,19:35,,779,140,J,,,,DCT,,,,1,BCS1,E-Base?price=279.82%;B-Base?price=279.81%;F-Base?price=279.81%,,
AVA,05187,AV,,,LSZH,ENGM,,1567,04:55,07:10,,770,135,J,,,,DCT,,,,1,E190,E-Base?price=277.6%;B-Base?price=277.59%;F-Base?price=277.6%,,
AVA,05188,AV,,,ENGM,LSZH,,13457,17:40,19:55,,770,135,J,,,,DCT,,,,1,E190,E-Base?price=277.6%;B-Base?price=277.59%;F-Base?price=277.6%,,
AVA,05189,AV,,,ENGM,LTAI,,2,19:05,23:30,,1588,265,J,,,,DCT,,,,1,B738,E-Base?price=466.42%;B-Base?price=466.42%;F-Base?price=466.41%,,
AVA,05190,AV,,,LTBJ,ENGM,,4,12:45,16:55,,1448,250,J,,,,DCT,,,,1,B738,E-Base?price=434.12%;B-Base?price=434.12%;F-Base?price=434.12%,,
AVA,05191,AV,,,ENGM,LTBJ,,4,18:00,22:00,,1448,240,J,,,,DCT,,,,1,B738,E-Base?price=434.12%;B-Base?price=434.12%;F-Base?price=434.12%,,
AVA,05192,AV,,,LTBS,EGPF,,4,10:30,15:15,,1765,285,J,,,,DCT,,,,1,B738,E-Base?price=507.26%;B-Base?price=507.27%;F-Base?price=507.27%,,
AVA,05193,AV,,,EGPF,LTBS,,4,16:15,20:45,,1765,270,J,,,,DCT,,,,1,B738,E-Base?price=507.26%;B-Base?price=507.27%;F-Base?price=507.27%,,
AVA,05194,AV,,,LTFM,EGPH,,256,04:20,08:50,,1527,270,J,,,,DCT,,,,1,B738,E-Base?price=452.45%;B-Base?price=452.44%;F-Base?price=452.44%,,
AVA,05195,AV,,,EGPH,LTFM,,256,09:45,14:00,,1527,255,J,,,,DCT,,,,1,B738,E-Base?price=452.45%;B-Base?price=452.44%;F-Base?price=452.44%,,
AVA,05196,AV,,,LTFM,EGPH,,1347,09:35,14:00,,1527,265,J,,,,DCT,,,,1,B739,E-Base?price=452.45%;B-Base?price=452.44%;F-Base?price=452.44%,,
AVA,05197,AV,,,EGPH,LTFM,,1347,14:55,19:10,,1527,255,J,,,,DCT,,,,1,B739,E-Base?price=452.45%;B-Base?price=452.44%;F-Base?price=452.44%,,
AVA,05198,AV,,,LTFM,EIDW,,1234567,04:15,09:00,,1578,285,J,,,,DCT,,,,1,B739,E-Base?price=464.11%;B-Base?price=464.11%;F-Base?price=464.11%,,
AVA,05199,AV,,,EIDW,LTFM,,1234567,09:55,14:15,,1578,260,J,,,,DCT,,,,1,B739,E-Base?price=464.11%;B-Base?price=464.11%;F-Base?price=464.11%,,
AVA,05200,AV,,,LTFM,EIDW,,1234567,10:05,14:35,,1578,270,J,,,,DCT,,,,1,B738,E-Base?price=464.11%;B-Base?price=464.11%;F-Base?price=464.11%,,
AVA,05201,AV,,,EIDW,LTFM,,1234567,15:30,19:55,,1578,265,J,,,,DCT,,,,1,B738,E-Base?price=464.11%;B-Base?price=464.11%;F-Base?price=464.11%,,
AVA,05202,AV,,,LTFM,ENGM,,1234567,04:40,08:30,,1309,230,J,,,,DCT,,,,1,A332,E-Base?price=402.15%;B-Base?price=402.15%;F-Base?price=402.15%,,
AVA,05203,AV,,,ENGM,LTFM,,1234567,10:00,13:45,,1309,225,J,,,,DCT,,,,1,A332,E-Base?price=402.15%;B-Base?price=402.15%;F-Base?price=402.15%,,
AVA,05204,AV,,,LTFM,ENGM,,1234567,11:00,14:55,,1309,235,J,,,,DCT,,,,1,A321,E-Base?price=402.15%;B-Base?price=402.15%;F-Base?price=402.15%,,
AVA,05205,AV,,,ENGM,LTFM,,1234567,15:55,19:35,,1309,220,J,,,,DCT,,,,1,A321,E-Base?price=402.15%;B-Base?price=402.15%;F-Base?price=402.15%,,
AVA,05206,AV,,,LUKK,EIDW,,247,07:50,11:40,,1392,230,J,,,,DCT,,,,1,A320,E-Base?price=421.15%;B-Base?price=421.16%;F-Base?price=421.16%,,
AVA,05207,AV,,,EIDW,LUKK,,247,12:30,16:00,,1392,210,J,,,,DCT,,,,1,A320,E-Base?price=421.15%;B-Base?price=421.16%;F-Base?price=421.16%,,
AVA,05208,AV,,,LWSK,ENTO,,15,04:05,07:20,,1117,195,J,,,,DCT,,,,1,A320,E-Base?price=357.74%;B-Base?price=357.74%;F-Base?price=357.74%,,
AVA,05209,AV,,,ENTO,LWSK,,15,07:50,11:05,,1117,195,J,,,,DCT,,,,1,A320,E-Base?price=357.74%;B-Base?price=357.74%;F-Base?price=357.74%,,
AVA,05210,AV,,,LYTV,ENGM,,5,04:30,07:25,,1103,175,J,,,,DCT,,,,1,E195,E-Base?price=354.58%;B-Base?price=354.59%;F-Base?price=354.59%,,
AVA,05211,AV,,,ENGM,LYTV,,5,08:05,11:00,,1103,175,J,,,,DCT,,,,1,E195,E-Base?price=354.58%;B-Base?price=354.59%;F-Base?price=354.59%,,
AVA,05212,AV,,,LYTV,ENGM,,7,06:50,10:15,,1103,205,J,,,,DCT,,,,1,B463,E-Base?price=354.58%;B-Base?price=354.59%;F-Base?price=354.59%,,
AVA,05213,AV,,,ENGM,LYTV,,7,11:05,14:35,,1103,210,J,,,,DCT,,,,1,B463,E-Base?price=354.58%;B-Base?price=354.59%;F-Base?price=354.59%,,
AVA,05214,AV,,,LZIB,EIDW,,1234567,04:45,07:40,,939,175,J,,,,DCT,,,,1,B738,E-Base?price=316.8%;B-Base?price=316.8%;F-Base?price=316.8%,,
AVA,05215,AV,,,EIDW,LZIB,,1234567,08:05,10:55,,939,170,J,,,,DCT,,,,1,B738,E-Base?price=316.8%;B-Base?price=316.8%;F-Base?price=316.8%,,
AVA,05216,AV,,,OKBK,EINN,,6,02:41,09:32,,2842,411,J,,,,DCT,,,,1,B763,E-Base?price=755.88%;B-Base?price=755.88%;F-Base?price=755.88%,,
AVA,05217,AV,,,EINN,OKBK,,5,15:16,21:58,,2842,402,J,,,,DCT,,,,1,B763,E-Base?price=755.88%;B-Base?price=755.88%;F-Base?price=755.88%,,
AVA,05218,AV,,,OMDB,EGPF,,1234567,03:50,11:45,,3151,475,J,,,,DCT,,,,1,A388,E-Base?price=827.25%;B-Base?price=827.25%;F-Base?price=827.25%,,
AVA,05219,AV,,,EGPF,OMDB,,1234567,13:35,21:05,,3151,450,J,,,,DCT,,,,1,A388,E-Base?price=827.25%;B-Base?price=827.25%;F-Base?price=827.25%,,
AVA,05220,AV,,,OMDB,EIDW,,1234567,03:15,11:05,,3193,470,J,,,,DCT,,,,1,B77W,E-Base?price=836.95%;B-Base?price=836.96%;F-Base?price=836.96%,,
AVA,05221,AV,,,EIDW,OMDB,,1234567,12:50,20:25,,3193,455,J,,,,DCT,,,,1,B77W,E-Base?price=836.95%;B-Base?price=836.96%;F-Base?price=836.96%,,
AVA,05222,AV,,,OMDB,ENGM,,1234567,03:25,10:30,,2772,425,J,,,,DCT,,,,1,B77W,E-Base?price=739.69%;B-Base?price=739.69%;F-Base?price=739.69%,,
AVA,05223,AV,,,ENGM,OMDB,,1234567,12:30,19:20,,2772,410,J,,,,DCT,,,,1,B77W,E-Base?price=739.69%;B-Base?price=739.69%;F-Base?price=739.69%,,
AVA,05224,AV,,,ENGM,OTHH,,1,11:50,18:35,,2675,405,J,,,,DCT,,,,1,A332,E-Base?price=717.37%;B-Base?price=717.37%;F-Base?price=717.37%,,
AVA,05225,AV,,,ENGM,OTHH,,4,09:55,16:40,,2675,405,J,,,,DCT,,,,1,A332,E-Base?price=717.37%;B-Base?price=717.37%;F-Base?price=717.37%,,
AVA,05226,AV,,,ULLI,ENGM,,157,07:05,09:00,,573,115,J,,,,DCT,,,,1,CRJ2,E-Base?price=232.31%;B-Base?price=232.31%;F-Base?price=232.31%,,
AVA,05227,AV,,,ENGM,ULLI,,157,10:00,11:50,,573,110,J,,,,DCT,,,,1,CRJ2,E-Base?price=232.31%;B-Base?price=232.31%;F-Base?price=232.31%,,
AVA,05228,AV,,,UUEE,ENGM,,1234567,07:30,10:10,,866,160,J,,,,DCT,,,,1,A320,E-Base?price=299.75%;B-Base?price=299.75%;F-Base?price=299.76%,,
AVA,05229,AV,,,ENGM,UUEE,,23567,19:05,21:35,,866,150,J,,,,DCT,,,,1,B738,E-Base?price=299.75%;B-Base?price=299.75%;F-Base?price=299.76%,,
AVA,05230,AV,,,ENGM,UUEE,,14,19:25,21:50,,866,145,J,,,,DCT,,,,1,A320,E-Base?price=299.75%;B-Base?price=299.75%;F-Base?price=299.76%,,
AVA,05231,AV,,,VHHH,EIDW,,2357,16:50,06:15,,5305,805,J,,,,DCT,,,,1,A359,E-Base?price=1324.23%;B-Base?price=1324.23%;F-Base?price=1324.23%,,
AVA,05232,AV,,,EIDW,VHHH,,1346,11:00,23:30,,5305,750,J,,,,DCT,,,,1,A359,E-Base?price=1324.23%;B-Base?price=1324.23%;F-Base?price=1324.23%,,
AVA,05233,AV,,,VTBS,ENGM,,1234567,17:55,05:25,,4678,690,J,,,,DCT,,,,1,B77W,E-Base?price=1179.62%;B-Base?price=1179.62%;F-Base?price=1179.62%,,
AVA,05234,AV,,,ENGM,VTBS,,1234567,12:15,23:15,,4678,660,J,,,,DCT,,,,1,B77W,E-Base?price=1179.62%;B-Base?price=1179.62%;F-Base?price=1179.62%,,
AVA,05235,AV,,,VTSG,ENGM,,16,04:10,16:10,,4915,720,J,,,,DCT,,,,1,B788,E-Base?price=1234.34%;B-Base?price=1234.34%;F-Base?price=1234.34%,,
AVA,05236,AV,,,ENGM,VTSG,,02,17:25,04:10,,4915,645,J,,,,DCT,,,,1,B788,E-Base?price=1234.34%;B-Base?price=1234.34%;F-Base?price=1234.34%,,
AVA,05237,AV,,,ZBAA,EGPH,,15,17:30,05:00,,4282,690,J,,,,DCT,,,,1,A333,E-Base?price=1088.09%;B-Base?price=1088.09%;F-Base?price=1088.1%,,
AVA,05238,AV,,,EGPH,ZBAA,,47,10:10,21:00,,4282,650,J,,,,DCT,,,,1,A333,E-Base?price=1088.09%;B-Base?price=1088.09%;F-Base?price=1088.1%,,
AVA,05239,AV,,,ZBAA,EIDW,,36,17:30,05:00,,4461,690,J,,,,DCT,,,,1,A333,E-Base?price=1129.49%;B-Base?price=1129.49%;F-Base?price=1129.5%,,
AVA,05240,AV,,,EIDW,ZBAA,,26,10:10,21:00,,4461,650,J,,,,DCT,,,,1,A333,E-Base?price=1129.49%;B-Base?price=1129.49%;F-Base?price=1129.5%,,
